,１月_稼働日_固定(kW),１月_稼働日_GRID目標(kW),１月_稼働日_容量目標(kWh),１月_休業日_固定(kW),１月_休業日_GRID目標(kW),１月_休業日_容量目標(kWh),２月_稼働日_固定(kW),２月_稼働日_GRID目標(kW),２月_稼働日_容量目標(kWh),２月_休業日_固定(kW),２月_休業日_GRID目標(kW),２月_休業日_容量目標(kWh),３月_稼働日_固定(kW),３月_稼働日_GRID目標(kW),３月_稼働日_容量目標(kWh),３月_休業日_固定(kW),３月_休業日_GRID目標(kW),３月_休業日_容量目標(kWh),４月_稼働日_固定(kW),４月_稼働日_GRID目標(kW),４月_稼働日_容量目標(kWh),４月_休業日_固定(kW),４月_休業日_GRID目標(kW),４月_休業日_容量目標(kWh),５月_稼働日_固定(kW),５月_稼働日_GRID目標(kW),５月_稼働日_容量目標(kWh),５月_休業日_固定(kW),５月_休業日_GRID目標(kW),５月_休業日_容量目標(kWh),６月_稼働日_固定(kW),６月_稼働日_GRID目標(kW),６月_稼働日_容量目標(kWh),６月_休業日_固定(kW),６月_休業日_GRID目標(kW),６月_休業日_容量目標(kWh),７月_稼働日_固定(kW),７月_稼働日_GRID目標(kW),７月_稼働日_容量目標(kWh),７月_休業日_固定(kW),７月_休業日_GRID目標(kW),７月_休業日_容量目標(kWh),８月_稼働日_固定(kW),８月_稼働日_GRID目標(kW),８月_稼働日_容量目標(kWh),８月_休業日_固定(kW),８月_休業日_GRID目標(kW),８月_休業日_容量目標(kWh),９月_稼働日_固定(kW),９月_稼働日_GRID目標(kW),９月_稼働日_容量目標(kWh),９月_休業日_固定(kW),９月_休業日_GRID目標(kW),９月_休業日_容量目標(kWh),１０月_稼働日_固定(kW),１０月_稼働日_GRID目標(kW),１０月_稼働日_容量目標(kWh),１０月_休業日_固定(kW),１０月_休業日_GRID目標(kW),１０月_休業日_容量目標(kWh),１１月_稼働日_固定(kW),１１月_稼働日_GRID目標(kW),１１月_稼働日_容量目標(kWh),１１月_休業日_固定(kW),１１月_休業日_GRID目標(kW),１１月_休業日_容量目標(kWh),１２月_稼働日_固定(kW),１２月_稼働日_GRID目標(kW),１２月_稼働日_容量目標(kWh),１２月_休業日_固定(kW),１２月_休業日_GRID目標(kW),１２月_休業日_容量目標(kWh)
00:00-00:30,,2000,,,450,,,2000,,,450,,,2000,,,450,,,2300,,,450,,,2300,,,450,,,2300,,,450,,,2300,,,450,,,2300,,,450,,,2300,,,450,,,2300,,,450,,,2000,,,450,,,2000,,,450,
00:30-01:00,,2000,,,450,,,2000,,,450,,,2000,,,450,,,2300,,,450,,,2300,,,450,,,2300,,,450,,,2300,,,450,,,2300,,,450,,,2300,,,450,,,2300,,,450,,,2000,,,450,,,2000,,,450,
01:00-01:30,,2000,,,450,,,2000,,,450,,,2000,,,450,,,2300,,,450,,,2300,,,450,,,2300,,,450,,,2300,,,450,,,2300,,,450,,,2300,,,450,,,2300,,,450,,,2000,,,450,,,2000,,,450,
01:30-02:00,,2000,,,450,,,2000,,,450,,,2000,,,450,,,2300,,,450,,,2300,,,450,,,2300,,,450,,,2300,,,450,,,2300,,,450,,,2300,,,450,,,2300,,,450,,,2000,,,450,,,2000,,,450,
02:00-02:30,,2000,,,450,,,2000,,,450,,,2000,,,450,,,2300,,,450,,,2300,,,450,,,2300,,,450,,,2300,,,450,,,2300,,,450,,,2300,,,450,,,2300,,,450,,,2000,,,450,,,2000,,,450,
02:30-03:00,,2000,,,450,,,2000,,,450,,,2000,,,450,,,2300,,,450,,,2300,,,450,,,2300,,,450,,,2300,,,450,,,2300,,,450,,,2300,,,450,,,2300,,,450,,,2000,,,450,,,2000,,,450,
03:00-03:30,,2000,,,450,,,2000,,,450,,,2000,,,450,,,2300,,,450,,,2300,,,450,,,2300,,,450,,,2300,,,450,,,2300,,,450,,,2300,,,450,,,2300,,,450,,,2000,,,450,,,2000,,,450,
03:30-04:00,,2000,,,450,,,2000,,,450,,,2000,,,450,,,2300,,,450,,,2300,,,450,,,2300,,,450,,,2300,,,450,,,2300,,,450,,,2300,,,450,,,2300,,,450,,,2000,,,450,,,2000,,,450,
04:00-04:30,,2000,,,450,,,2000,,,450,,,2000,,,450,,,2300,,,450,,,2300,,,450,,,2300,,,450,,,2300,,,450,,,2300,,,450,,,2300,,,450,,,2300,,,450,,,2000,,,450,,,2000,,,450,
04:30-05:00,,2000,,,450,,,2000,,,450,,,2000,,,450,,,2300,,,450,,,2300,,,450,,,2300,,,450,,,2300,,,450,,,2300,,,450,,,2300,,,450,,,2300,,,450,,,2000,,,450,,,2000,,,450,
05:00-05:30,,2000,,,450,,,2000,,,450,,,2000,,,450,,,2300,,,450,,,2300,,,450,,,2300,,,450,,,2300,,,450,,,2300,,,450,,,2300,,,450,,,2300,,,450,,,2000,,,450,,,2000,,,450,
05:30-06:00,,2000,,,450,,,2000,,,450,,,2000,,,450,,,2300,,,450,,,2300,,,450,,,2300,,,450,,,2300,,,450,,,2300,,,450,,,2300,,,450,,,2300,,,450,,,2000,,,450,,,2000,,,450,
06:00-06:30,,2000,,,450,,,2000,,,450,,,2000,,,450,,,2300,,,450,,,2300,,,450,,,2300,,,450,,,2300,,,450,,,2300,,,450,,,2300,,,450,,,2300,,,450,,,2000,,,450,,,2000,,,450,
06:30-07:00,,2000,,35,,,,2000,,35,,,,2000,,35,,,,2300,,35,,,,2300,,35,,,,2300,,35,,,,2300,,35,,,,2300,,35,,,,2300,,35,,,,2300,,35,,,,2000,,35,,,,2000,,35,,
07:00-07:30,,2000,,98,,,,2000,,98,,,,2000,,98,,,,2300,,98,,,,2300,,98,,,,2300,,98,,,,2300,,98,,,,2300,,98,,,,2300,,98,,,,2300,,98,,,,2000,,98,,,,2000,,98,,
07:30-08:00,,2000,,152,,,,2000,,152,,,,2000,,152,,,,2300,,152,,,,2300,,152,,,,2300,,152,,,,2300,,152,,,,2300,,152,,,,2300,,152,,,,2300,,152,,,,2000,,152,,,,2000,,152,,
08:00-08:30,,450,,200,,,,450,,200,,,,450,,200,,,,2300,,200,,,,2300,,200,,,,2300,,200,,,,2300,,200,,,,2300,,200,,,,2300,,200,,,,2300,,200,,,,450,,200,,,,450,,200,,
08:30-09:00,,450,,248,,,,450,,248,,,,450,,248,,,,2300,,248,,,,2300,,248,,,,2300,,248,,,,2300,,248,,,,2300,,248,,,,2300,,248,,,,2300,,248,,,,450,,248,,,,450,,248,,
09:00-09:30,,450,,305,,,,450,,305,,,,450,,305,,,,2300,,305,,,,2300,,305,,,,2300,,305,,,,2300,,305,,,,2300,,305,,,,2300,,305,,,,2300,,305,,,,450,,305,,,,450,,305,,
09:30-10:00,,450,,412,,,,450,,412,,,,450,,412,,,,2300,,412,,,,2300,,412,,,,2300,,412,,,,2300,,412,,,,2300,,412,,,,2300,,412,,,,2300,,412,,,,450,,412,,,,450,,412,,
10:00-10:30,,450,,398,,,,450,,398,,,,450,,398,,,,2300,,398,,,,2300,,398,,,,2300,,398,,,,2300,,398,,,,2300,,398,,,,2300,,398,,,,2300,,398,,,,450,,398,,,,450,,398,,
10:30-11:00,,450,,313,,,,450,,313,,,,450,,313,,,,2300,,313,,,,2300,,313,,,,2300,,313,,,,2300,,313,,,,2300,,313,,,,2300,,313,,,,2300,,313,,,,450,,313,,,,450,,313,,
11:00-11:30,,450,,419,,,,450,,419,,,,450,,419,,,,2300,,419,,,,2300,,419,,,,2300,,419,,,,2300,,419,,,,2300,,419,,,,2300,,419,,,,2300,,419,,,,450,,419,,,,450,,419,,
11:30-12:00,,450,,442,,,,450,,442,,,,450,,442,,,,2300,,442,,,,2300,,442,,,,2300,,442,,,,2300,,442,,,,2300,,442,,,,2300,,442,,,,2300,,442,,,,450,,442,,,,450,,442,,
12:00-12:30,,450,,388,,,,450,,388,,,,450,,388,,,,2300,,388,,,,2300,,388,,,,2300,,388,,,,2300,,388,,,,2300,,388,,,,2300,,388,,,,2300,,388,,,,450,,388,,,,450,,388,,
12:30-13:00,,450,,431,,,,450,,431,,,,450,,431,,,,2300,,431,,,,2300,,431,,,,2300,,431,,,,2300,,431,,,,2300,,431,,,,2300,,431,,,,2300,,431,,,,450,,431,,,,450,,431,,
13:00-13:30,,450,,361,,,,450,,361,,,,450,,361,,,,2300,,361,,,,2300,,361,,,,2300,,361,,,,2300,,361,,,,2300,,361,,,,2300,,361,,,,2300,,361,,,,450,,361,,,,450,,361,,
13:30-14:00,,450,,406,,,,450,,406,,,,450,,406,,,,2300,,406,,,,2300,,406,,,,2300,,406,,,,2300,,406,,,,2300,,406,,,,2300,,406,,,,2300,,406,,,,450,,406,,,,450,,406,,
14:00-14:30,,450,,252,,,,450,,252,,,,450,,252,,,,2300,,252,,,,2300,,252,,,,2300,,252,,,,2300,,252,,,,2300,,252,,,,2300,,252,,,,2300,,252,,,,450,,252,,,,450,,252,,
14:30-15:00,,450,,309,,,,450,,309,,,,450,,309,,,,2300,,309,,,,2300,,309,,,,2300,,309,,,,2300,,309,,,,2300,,309,,,,2300,,309,,,,2300,,309,,,,450,,309,,,,450,,309,,
15:00-15:30,,450,,262,,,,450,,262,,,,450,,262,,,,2300,,262,,,,2300,,262,,,,2300,,262,,,,2300,,262,,,,2300,,262,,,,2300,,262,,,,2300,,262,,,,450,,262,,,,450,,262,,
15:30-16:00,,450,,161,,,,450,,161,,,,450,,161,,,,2300,,161,,,,2300,,161,,,,2300,,161,,,,2300,,161,,,,2300,,161,,,,2300,,161,,,,2300,,161,,,,450,,161,,,,450,,161,,
16:00-16:30,,450,,106,,,,450,,106,,,,450,,106,,,,2300,,106,,,,2300,,106,,,,2300,,106,,,,2300,,106,,,,2300,,106,,,,2300,,106,,,,2300,,106,,,,450,,106,,,,450,,106,,
16:30-17:00,,450,,77,,,,450,,77,,,,450,,77,,,,2300,,77,,,,2300,,77,,,,2300,,77,,,,2300,,77,,,,2300,,77,,,,2300,,77,,,,2300,,77,,,,450,,77,,,,450,,77,,
17:00-17:30,,450,,8,,,,450,,8,,,,450,,8,,,,2300,,8,,,,2300,,8,,,,2300,,8,,,,2300,,8,,,,2300,,8,,,,2300,,8,,,,2300,,8,,,,450,,8,,,,450,,8,,
17:30-18:00,,450,,,450,,,450,,,450,,,450,,,450,,,2300,,,450,,,2300,,,450,,,2300,,,450,,,2300,,,450,,,2300,,,450,,,2300,,,450,,,2300,,,450,,,450,,,450,,,450,,,450,
18:00-18:30,,450,,,450,,,450,,,450,,,450,,,450,,,2300,,,450,,,2300,,,450,,,2300,,,450,,,2300,,,450,,,2300,,,450,,,2300,,,450,,,2300,,,450,,,450,,,450,,,450,,,450,
18:30-19:00,,450,,,450,,,450,,,450,,,450,,,450,,,2300,,,450,,,2300,,,450,,,2300,,,450,,,2300,,,450,,,2300,,,450,,,2300,,,450,,,2300,,,450,,,450,,,450,,,450,,,450,
19:00-19:30,,450,,,450,,,450,,,450,,,450,,,450,,,2300,,,450,,,2300,,,450,,,2300,,,450,,,2300,,,450,,,2300,,,450,,,2300,,,450,,,2300,,,450,,,450,,,450,,,450,,,450,
19:30-20:00,,450,,,450,,,450,,,450,,,450,,,450,,,2300,,,450,,,2300,,,450,,,2300,,,450,,,2300,,,450,,,2300,,,450,,,2300,,,450,,,2300,,,450,,,450,,,450,,,450,,,450,
20:00-20:30,,450,,,450,,,450,,,450,,,450,,,450,,,2300,,,450,,,2300,,,450,,,2300,,,450,,,2300,,,450,,,2300,,,450,,,2300,,,450,,,2300,,,450,,,450,,,450,,,450,,,450,
20:30-21:00,,450,,,450,,,450,,,450,,,450,,,450,,,2300,,,450,,,2300,,,450,,,2300,,,450,,,2300,,,450,,,2300,,,450,,,2300,,,450,,,2300,,,450,,,450,,,450,,,450,,,450,
21:00-21:30,,450,,,450,,,450,,,450,,,450,,,450,,,2300,,,450,,,2300,,,450,,,2300,,,450,,,2300,,,450,,,2300,,,450,,,2300,,,450,,,2300,,,450,,,450,,,450,,,450,,,450,
21:30-22:00,,450,,,450,,,450,,,450,,,450,,,450,,,2300,,,450,,,2300,,,450,,,2300,,,450,,,2300,,,450,,,2300,,,450,,,2300,,,450,,,2300,,,450,,,450,,,450,,,450,,,450,
22:00-22:30,,450,,,450,,,450,,,450,,,450,,,450,,,2300,,,450,,,2300,,,450,,,2300,,,450,,,2300,,,450,,,2300,,,450,,,2300,,,450,,,2300,,,450,,,450,,,450,,,450,,,450,
22:30-23:00,,450,,,450,,,450,,,450,,,450,,,450,,,2300,,,450,,,2300,,,450,,,2300,,,450,,,2300,,,450,,,2300,,,450,,,2300,,,450,,,2300,,,450,,,450,,,450,,,450,,,450,
23:00-23:30,,450,,,450,,,450,,,450,,,450,,,450,,,2300,,,450,,,2300,,,450,,,2300,,,450,,,2300,,,450,,,2300,,,450,,,2300,,,450,,,2300,,,450,,,450,,,450,,,450,,,450,
23:30-24:00,,450,,,450,,,450,,,450,,,450,,,450,,,2300,,,450,,,2300,,,450,,,2300,,,450,,,2300,,,450,,,2300,,,450,,,2300,,,450,,,2300,,,450,,,450,,,450,,,450,,,450,
